raceId,race,year,round,accident
1,Australian Grand Prix,2009,1,5
2,Malaysian Grand Prix,2009,2,4
3,Chinese Grand Prix,2009,3,2
4,Bahrain Grand Prix,2009,4,0
5,Spanish Grand Prix,2009,5,4
6,Monaco Grand Prix,2009,6,5
7,Turkish Grand Prix,2009,7,0
8,British Grand Prix,2009,8,2
9,German Grand Prix,2009,9,0
10,Hungarian Grand Prix,2009,10,0
11,European Grand Prix,2009,11,0
12,Belgian Grand Prix,2009,12,4
13,Italian Grand Prix,2009,13,2
14,Singapore Grand Prix,2009,14,2
15,Japanese Grand Prix,2009,15,2
16,Brazilian Grand Prix,2009,16,4
17,Abu Dhabi Grand Prix,2009,17,0
18,Australian Grand Prix,2008,1,8
19,Malaysian Grand Prix,2008,2,3
20,Bahrain Grand Prix,2008,3,1
21,Spanish Grand Prix,2008,4,6
22,Turkish Grand Prix,2008,5,2
23,Monaco Grand Prix,2008,6,5
24,Canadian Grand Prix,2008,7,5
25,French Grand Prix,2008,8,1
26,British Grand Prix,2008,9,7
27,German Grand Prix,2008,10,1
28,Hungarian Grand Prix,2008,11,0
29,European Grand Prix,2008,12,2
30,Belgian Grand Prix,2008,13,2
31,Italian Grand Prix,2008,14,1
32,Singapore Grand Prix,2008,15,3
33,Japanese Grand Prix,2008,16,1
34,Chinese Grand Prix,2008,17,1
35,Brazilian Grand Prix,2008,18,2
36,Australian Grand Prix,2007,1,3
37,Malaysian Grand Prix,2007,2,1
38,Bahrain Grand Prix,2007,3,2
39,Spanish Grand Prix,2007,4,1
40,Monaco Grand Prix,2007,5,2
41,Canadian Grand Prix,2007,6,5
42,United States Grand Prix,2007,7,4
43,French Grand Prix,2007,8,3
44,British Grand Prix,2007,9,1
45,European Grand Prix,2007,10,6
46,Hungarian Grand Prix,2007,11,2
47,Turkish Grand Prix,2007,12,0
48,Italian Grand Prix,2007,13,1
49,Belgian Grand Prix,2007,14,0
50,Japanese Grand Prix,2007,15,5
51,Chinese Grand Prix,2007,16,3
52,Brazilian Grand Prix,2007,17,3
53,Bahrain Grand Prix,2006,1,0
54,Malaysian Grand Prix,2006,2,1
55,Australian Grand Prix,2006,3,6
56,San Marino Grand Prix,2006,4,2
57,European Grand Prix,2006,5,2
58,Spanish Grand Prix,2006,6,1
59,Monaco Grand Prix,2006,7,1
60,British Grand Prix,2006,8,3
61,Canadian Grand Prix,2006,9,5
62,United States Grand Prix,2006,10,10
63,French Grand Prix,2006,11,0
64,German Grand Prix,2006,12,2
65,Hungarian Grand Prix,2006,13,5
66,Turkish Grand Prix,2006,14,5
67,Italian Grand Prix,2006,15,0
68,Chinese Grand Prix,2006,16,2
69,Japanese Grand Prix,2006,17,1
70,Brazilian Grand Prix,2006,18,3
71,Australian Grand Prix,2005,1,2
72,Malaysian Grand Prix,2005,2,4
73,Bahrain Grand Prix,2005,3,0
74,San Marino Grand Prix,2005,4,1
75,Spanish Grand Prix,2005,5,2
76,Monaco Grand Prix,2005,6,3
77,European Grand Prix,2005,7,3
78,Canadian Grand Prix,2005,8,1
79,United States Grand Prix,2005,9,0
80,French Grand Prix,2005,10,0
81,British Grand Prix,2005,11,0
82,German Grand Prix,2005,12,0
83,Hungarian Grand Prix,2005,13,2
84,Turkish Grand Prix,2005,14,0
85,Italian Grand Prix,2005,15,0
86,Belgian Grand Prix,2005,16,6
87,Brazilian Grand Prix,2005,17,2
88,Japanese Grand Prix,2005,18,3
89,Chinese Grand Prix,2005,19,2
90,Australian Grand Prix,2004,1,0
91,Malaysian Grand Prix,2004,2,1
92,Bahrain Grand Prix,2004,3,0
93,San Marino Grand Prix,2004,4,1
94,Spanish Grand Prix,2004,5,2
95,Monaco Grand Prix,2004,6,5
96,European Grand Prix,2004,7,2
97,Canadian Grand Prix,2004,8,1
98,United States Grand Prix,2004,9,4
99,French Grand Prix,2004,10,1
100,British Grand Prix,2004,11,3
101,German Grand Prix,2004,12,0
102,Hungarian Grand Prix,2004,13,0
103,Belgian Grand Prix,2004,14,6
104,Italian Grand Prix,2004,15,3
105,Chinese Grand Prix,2004,16,2
106,Japanese Grand Prix,2004,17,3
107,Brazilian Grand Prix,2004,18,1
108,Australian Grand Prix,2003,1,3
109,Malaysian Grand Prix,2003,2,1
110,Brazilian Grand Prix,2003,3,8
111,San Marino Grand Prix,2003,4,0
112,Spanish Grand Prix,2003,5,3
113,Austrian Grand Prix,2003,6,0
114,Monaco Grand Prix,2003,7,2
115,Canadian Grand Prix,2003,8,1
116,European Grand Prix,2003,9,1
117,French Grand Prix,2003,10,0
118,British Grand Prix,2003,11,0
119,German Grand Prix,2003,12,6
120,Hungarian Grand Prix,2003,13,0
121,Italian Grand Prix,2003,14,0
122,United States Grand Prix,2003,15,5
123,Japanese Grand Prix,2003,16,0
124,Australian Grand Prix,2002,1,9
125,Malaysian Grand Prix,2002,2,0
126,Brazilian Grand Prix,2002,3,2
127,San Marino Grand Prix,2002,4,0
128,Spanish Grand Prix,2002,5,2
129,Austrian Grand Prix,2002,6,3
130,Monaco Grand Prix,2002,7,7
131,Canadian Grand Prix,2002,8,1
132,European Grand Prix,2002,9,3
133,British Grand Prix,2002,10,1
134,French Grand Prix,2002,11,3
135,German Grand Prix,2002,12,2
136,Hungarian Grand Prix,2002,13,2
137,Belgian Grand Prix,2002,14,1
138,Italian Grand Prix,2002,15,2
139,United States Grand Prix,2002,16,0
140,Japanese Grand Prix,2002,17,3
141,Australian Grand Prix,2001,1,3
142,Malaysian Grand Prix,2001,2,4
143,Brazilian Grand Prix,2001,3,6
144,San Marino Grand Prix,2001,4,0
145,Spanish Grand Prix,2001,5,2
146,Austrian Grand Prix,2001,6,0
147,Monaco Grand Prix,2001,7,3
148,Canadian Grand Prix,2001,8,5
149,European Grand Prix,2001,9,2
150,French Grand Prix,2001,10,0
151,British Grand Prix,2001,11,2
152,German Grand Prix,2001,12,4
153,Hungarian Grand Prix,2001,13,5
154,Belgian Grand Prix,2001,14,5
155,Italian Grand Prix,2001,15,2
156,United States Grand Prix,2001,16,1
157,Japanese Grand Prix,2001,17,2
158,Australian Grand Prix,2000,1,1
159,Brazilian Grand Prix,2000,2,3
160,San Marino Grand Prix,2000,3,2
161,British Grand Prix,2000,4,1
162,Spanish Grand Prix,2000,5,3
163,European Grand Prix,2000,6,7
164,Monaco Grand Prix,2000,7,7
165,Canadian Grand Prix,2000,8,4
166,French Grand Prix,2000,9,3
167,Austrian Grand Prix,2000,10,5
168,German Grand Prix,2000,11,6
169,Hungarian Grand Prix,2000,12,0
170,Belgian Grand Prix,2000,13,1
171,Italian Grand Prix,2000,14,9
172,United States Grand Prix,2000,15,2
173,Japanese Grand Prix,2000,16,2
174,Malaysian Grand Prix,2000,17,3
175,Australian Grand Prix,1999,1,4
176,Brazilian Grand Prix,1999,2,3
177,San Marino Grand Prix,1999,3,7
178,Monaco Grand Prix,1999,4,4
179,Spanish Grand Prix,1999,5,1
180,Canadian Grand Prix,1999,6,6
181,French Grand Prix,1999,7,5
182,British Grand Prix,1999,8,0
183,Austrian Grand Prix,1999,9,2
184,German Grand Prix,1999,10,3
185,Hungarian Grand Prix,1999,11,1
186,Belgian Grand Prix,1999,12,1
187,Italian Grand Prix,1999,13,6
188,European Grand Prix,1999,14,6
189,Malaysian Grand Prix,1999,15,4
190,Japanese Grand Prix,1999,16,0
191,Australian Grand Prix,1998,1,3
192,Brazilian Grand Prix,1998,2,3
193,Argentine Grand Prix,1998,3,3
194,San Marino Grand Prix,1998,4,2
195,Spanish Grand Prix,1998,5,2
196,Monaco Grand Prix,1998,6,3
197,Canadian Grand Prix,1998,7,6
198,French Grand Prix,1998,8,1
199,British Grand Prix,1998,9,10
200,Austrian Grand Prix,1998,10,6
201,German Grand Prix,1998,11,0
202,Hungarian Grand Prix,1998,12,0
203,Belgian Grand Prix,1998,13,12
204,Italian Grand Prix,1998,14,3
205,Luxembourg Grand Prix,1998,15,0
206,Japanese Grand Prix,1998,16,3
207,Australian Grand Prix,1997,1,5
208,Brazilian Grand Prix,1997,2,1
209,Argentine Grand Prix,1997,3,5
210,San Marino Grand Prix,1997,4,4
211,Monaco Grand Prix,1997,5,12
212,Spanish Grand Prix,1997,6,0
213,Canadian Grand Prix,1997,7,6
214,French Grand Prix,1997,8,6
215,British Grand Prix,1997,9,2
216,German Grand Prix,1997,10,5
217,Hungarian Grand Prix,1997,11,3
218,Belgian Grand Prix,1997,12,4
219,Italian Grand Prix,1997,13,3
220,Austrian Grand Prix,1997,14,3
221,Luxembourg Grand Prix,1997,15,4
222,Japanese Grand Prix,1997,16,3
223,European Grand Prix,1997,17,2
224,Australian Grand Prix,1996,1,3
225,Brazilian Grand Prix,1996,2,7
226,Argentine Grand Prix,1996,3,4
227,European Grand Prix,1996,4,2
228,San Marino Grand Prix,1996,5,2
229,Monaco Grand Prix,1996,6,14
230,Spanish Grand Prix,1996,7,10
231,Canadian Grand Prix,1996,8,4
232,French Grand Prix,1996,9,0
233,British Grand Prix,1996,10,0
234,German Grand Prix,1996,11,2
235,Hungarian Grand Prix,1996,12,5
236,Belgian Grand Prix,1996,13,5
237,Italian Grand Prix,1996,14,6
238,Portuguese Grand Prix,1996,15,3
239,Japanese Grand Prix,1996,16,3
240,Brazilian Grand Prix,1995,1,4
241,Argentine Grand Prix,1995,2,9
242,San Marino Grand Prix,1995,3,3
243,Spanish Grand Prix,1995,4,0
244,Monaco Grand Prix,1995,5,5
245,Canadian Grand Prix,1995,6,6
246,French Grand Prix,1995,7,4
247,British Grand Prix,1995,8,7
248,German Grand Prix,1995,9,1
249,Hungarian Grand Prix,1995,10,2
250,Belgian Grand Prix,1995,11,4
251,Italian Grand Prix,1995,12,8
252,Portuguese Grand Prix,1995,13,2
253,European Grand Prix,1995,14,5
254,Pacific Grand Prix,1995,15,2
255,Japanese Grand Prix,1995,16,8
256,Australian Grand Prix,1995,17,8
257,Brazilian Grand Prix,1994,1,9
258,Pacific Grand Prix,1994,2,7
259,San Marino Grand Prix,1994,3,9
260,Monaco Grand Prix,1994,4,6
261,Spanish Grand Prix,1994,5,4
262,Canadian Grand Prix,1994,6,4
263,French Grand Prix,1994,7,6
264,British Grand Prix,1994,8,0
265,German Grand Prix,1994,9,10
266,Hungarian Grand Prix,1994,10,7
267,Belgian Grand Prix,1994,11,3
268,Italian Grand Prix,1994,12,7
269,Portuguese Grand Prix,1994,13,4
270,European Grand Prix,1994,14,2
271,Japanese Grand Prix,1994,15,9
272,Australian Grand Prix,1994,16,5
273,South African Grand Prix,1993,1,11
274,Brazilian Grand Prix,1993,2,8
275,European Grand Prix,1993,3,6
276,San Marino Grand Prix,1993,4,6
277,Spanish Grand Prix,1993,5,2
278,Monaco Grand Prix,1993,6,4
279,Canadian Grand Prix,1993,7,2
280,French Grand Prix,1993,8,2
281,British Grand Prix,1993,9,3
282,German Grand Prix,1993,10,4
283,Hungarian Grand Prix,1993,11,6
284,Belgian Grand Prix,1993,12,5
285,Italian Grand Prix,1993,13,9
286,Portuguese Grand Prix,1993,14,8
287,Japanese Grand Prix,1993,15,7
288,Australian Grand Prix,1993,16,5
289,South African Grand Prix,1992,1,0
290,Mexican Grand Prix,1992,2,5
291,Brazilian Grand Prix,1992,3,3
292,Spanish Grand Prix,1992,4,12
293,San Marino Grand Prix,1992,5,6
294,Monaco Grand Prix,1992,6,4
295,Canadian Grand Prix,1992,7,2
296,French Grand Prix,1992,8,8
297,British Grand Prix,1992,9,1
298,German Grand Prix,1992,10,3
299,Hungarian Grand Prix,1992,11,11
300,Belgian Grand Prix,1992,12,4
301,Italian Grand Prix,1992,13,1
302,Portuguese Grand Prix,1992,14,4
303,Japanese Grand Prix,1992,15,3
304,Australian Grand Prix,1992,16,5
305,United States Grand Prix,1991,1,2
306,Brazilian Grand Prix,1991,2,2
307,San Marino Grand Prix,1991,3,6
308,Monaco Grand Prix,1991,4,4
309,Canadian Grand Prix,1991,5,2
310,Mexican Grand Prix,1991,6,2
311,French Grand Prix,1991,7,5
312,British Grand Prix,1991,8,5
313,German Grand Prix,1991,9,2
314,Hungarian Grand Prix,1991,10,0
315,Belgian Grand Prix,1991,11,1
316,Italian Grand Prix,1991,12,3
317,Portuguese Grand Prix,1991,13,1
318,Spanish Grand Prix,1991,14,5
319,Japanese Grand Prix,1991,15,6
320,Australian Grand Prix,1991,16,6
321,United States Grand Prix,1990,1,2
322,Brazilian Grand Prix,1990,2,4
323,San Marino Grand Prix,1990,3,4
324,Monaco Grand Prix,1990,4,3
325,Canadian Grand Prix,1990,5,7
326,Mexican Grand Prix,1990,6,2
327,French Grand Prix,1990,7,0
328,British Grand Prix,1990,8,1
329,German Grand Prix,1990,9,2
330,Hungarian Grand Prix,1990,10,5
331,Belgian Grand Prix,1990,11,2
332,Italian Grand Prix,1990,12,3
333,Portuguese Grand Prix,1990,13,4
334,Spanish Grand Prix,1990,14,7
335,Japanese Grand Prix,1990,15,6
336,Australian Grand Prix,1990,16,3
337,Bahrain Grand Prix,2010,1,1
338,Australian Grand Prix,2010,2,4
339,Malaysian Grand Prix,2010,3,1
340,Chinese Grand Prix,2010,4,3
341,Spanish Grand Prix,2010,5,2
342,Monaco Grand Prix,2010,6,2
343,Turkish Grand Prix,2010,7,1
344,Canadian Grand Prix,2010,8,1
345,European Grand Prix,2010,9,2
346,British Grand Prix,2010,10,1
347,German Grand Prix,2010,11,2
348,Hungarian Grand Prix,2010,12,1
349,Belgian Grand Prix,2010,13,3
350,Italian Grand Prix,2010,14,1
351,Singapore Grand Prix,2010,15,5
352,Japanese Grand Prix,2010,16,4
353,Korean Grand Prix,2010,17,7
354,Brazilian Grand Prix,2010,18,1
355,Abu Dhabi Grand Prix,2010,19,2
356,Brazilian Grand Prix,1989,1,4
357,San Marino Grand Prix,1989,2,5
358,Monaco Grand Prix,1989,3,1
359,Mexican Grand Prix,1989,4,1
360,United States Grand Prix,1989,5,4
361,Canadian Grand Prix,1989,6,8
362,French Grand Prix,1989,7,0
363,British Grand Prix,1989,8,3
364,German Grand Prix,1989,9,4
365,Hungarian Grand Prix,1989,10,2
366,Belgian Grand Prix,1989,11,7
367,Italian Grand Prix,1989,12,2
368,Portuguese Grand Prix,1989,13,5
369,Spanish Grand Prix,1989,14,7
370,Japanese Grand Prix,1989,15,3
371,Australian Grand Prix,1989,16,13
372,Brazilian Grand Prix,1988,1,0
373,San Marino Grand Prix,1988,2,0
374,Monaco Grand Prix,1988,3,5
375,Mexican Grand Prix,1988,4,1
376,Canadian Grand Prix,1988,5,1
377,Detroit Grand Prix,1988,6,6
378,French Grand Prix,1988,7,1
379,British Grand Prix,1988,8,0
380,German Grand Prix,1988,9,4
381,Hungarian Grand Prix,1988,10,3
382,Belgian Grand Prix,1988,11,3
383,Italian Grand Prix,1988,12,1
384,Portuguese Grand Prix,1988,13,3
385,Spanish Grand Prix,1988,14,1
386,Japanese Grand Prix,1988,15,5
387,Australian Grand Prix,1988,16,7
388,Brazilian Grand Prix,1987,1,1
389,San Marino Grand Prix,1987,2,2
390,Belgian Grand Prix,1987,3,3
391,Monaco Grand Prix,1987,4,1
392,Detroit Grand Prix,1987,5,5
393,French Grand Prix,1987,6,0
394,British Grand Prix,1987,7,2
395,German Grand Prix,1987,8,0
396,Hungarian Grand Prix,1987,9,2
397,Austrian Grand Prix,1987,10,1
398,Italian Grand Prix,1987,11,1
399,Portuguese Grand Prix,1987,12,2
400,Spanish Grand Prix,1987,13,3
401,Mexican Grand Prix,1987,14,7
402,Japanese Grand Prix,1987,15,3
403,Australian Grand Prix,1987,16,4
404,Brazilian Grand Prix,1986,1,1
405,Spanish Grand Prix,1986,2,2
406,San Marino Grand Prix,1986,3,1
407,Monaco Grand Prix,1986,4,3
408,Belgian Grand Prix,1986,5,2
409,Canadian Grand Prix,1986,6,3
410,Detroit Grand Prix,1986,7,3
411,French Grand Prix,1986,8,5
412,British Grand Prix,1986,9,4
413,German Grand Prix,1986,10,1
414,Hungarian Grand Prix,1986,11,3
415,Austrian Grand Prix,1986,12,0
416,Italian Grand Prix,1986,13,3
417,Portuguese Grand Prix,1986,14,2
418,Mexican Grand Prix,1986,15,2
419,Australian Grand Prix,1986,16,2
420,Brazilian Grand Prix,1985,1,2
421,Portuguese Grand Prix,1985,2,7
422,San Marino Grand Prix,1985,3,1
423,Monaco Grand Prix,1985,4,6
424,Canadian Grand Prix,1985,5,4
425,Detroit Grand Prix,1985,6,6
426,French Grand Prix,1985,7,4
427,British Grand Prix,1985,8,5
428,German Grand Prix,1985,9,2
429,Austrian Grand Prix,1985,10,2
430,Dutch Grand Prix,1985,11,1
431,Italian Grand Prix,1985,12,0
432,Belgian Grand Prix,1985,13,4
433,European Grand Prix,1985,14,3
434,South African Grand Prix,1985,15,4
435,Australian Grand Prix,1985,16,1
436,Brazilian Grand Prix,1984,1,1
437,South African Grand Prix,1984,2,0
438,Belgian Grand Prix,1984,3,2
439,San Marino Grand Prix,1984,4,3
440,French Grand Prix,1984,5,2
441,Monaco Grand Prix,1984,6,7
442,Canadian Grand Prix,1984,7,1
443,Detroit Grand Prix,1984,8,7
444,Dallas Grand Prix,1984,9,13
445,British Grand Prix,1984,10,5
446,German Grand Prix,1984,11,1
447,Austrian Grand Prix,1984,12,1
448,Dutch Grand Prix,1984,13,3
449,Italian Grand Prix,1984,14,2
450,European Grand Prix,1984,15,5
451,Portuguese Grand Prix,1984,16,1
452,Brazilian Grand Prix,1983,1,2
453,United States Grand Prix West,1983,2,7
454,French Grand Prix,1983,3,1
455,San Marino Grand Prix,1983,4,9
456,Monaco Grand Prix,1983,5,6
457,Belgian Grand Prix,1983,6,2
458,Detroit Grand Prix,1983,7,1
459,Canadian Grand Prix,1983,8,1
460,British Grand Prix,1983,9,0
461,German Grand Prix,1983,10,0
462,Austrian Grand Prix,1983,11,4
463,Dutch Grand Prix,1983,12,4
464,Italian Grand Prix,1983,13,1
465,European Grand Prix,1983,14,2
466,South African Grand Prix,1983,15,1
467,South African Grand Prix,1982,1,3
468,Brazilian Grand Prix,1982,2,7
469,United States Grand Prix West,1982,3,13
470,San Marino Grand Prix,1982,4,0
471,Belgian Grand Prix,1982,5,6
472,Monaco Grand Prix,1982,6,3
473,Detroit Grand Prix,1982,7,9
474,Canadian Grand Prix,1982,8,5
475,Dutch Grand Prix,1982,9,1
476,British Grand Prix,1982,10,7
477,French Grand Prix,1982,11,4
478,German Grand Prix,1982,12,3
479,Austrian Grand Prix,1982,13,7
480,Swiss Grand Prix,1982,14,2
481,Italian Grand Prix,1982,15,3
482,Caesars Palace Grand Prix,1982,16,3
483,United States Grand Prix West,1981,1,9
484,Brazilian Grand Prix,1981,2,7
485,Argentine Grand Prix,1981,3,0
486,San Marino Grand Prix,1981,4,6
487,Belgian Grand Prix,1981,5,5
488,Monaco Grand Prix,1981,6,6
489,Spanish Grand Prix,1981,7,3
490,French Grand Prix,1981,8,1
491,British Grand Prix,1981,9,4
492,German Grand Prix,1981,10,1
493,Austrian Grand Prix,1981,11,1
494,Dutch Grand Prix,1981,12,6
495,Italian Grand Prix,1981,13,6
496,Canadian Grand Prix,1981,14,10
497,Caesars Palace Grand Prix,1981,15,1
498,Argentine Grand Prix,1980,1,2
499,Brazilian Grand Prix,1980,2,1
500,South African Grand Prix,1980,3,6
501,United States Grand Prix West,1980,4,7
502,Belgian Grand Prix,1980,5,4
503,Monaco Grand Prix,1980,6,7
504,French Grand Prix,1980,7,1
505,British Grand Prix,1980,8,1
506,German Grand Prix,1980,9,0
507,Austrian Grand Prix,1980,10,0
508,Dutch Grand Prix,1980,11,5
509,Italian Grand Prix,1980,12,3
510,Canadian Grand Prix,1980,13,3
511,United States Grand Prix,1980,14,5
512,Argentine Grand Prix,1979,1,6
513,Brazilian Grand Prix,1979,2,3
514,South African Grand Prix,1979,3,5
515,United States Grand Prix West,1979,4,4
516,Spanish Grand Prix,1979,5,0
517,Belgian Grand Prix,1979,6,6
518,Monaco Grand Prix,1979,7,3
519,French Grand Prix,1979,8,2
520,British Grand Prix,1979,9,1
521,German Grand Prix,1979,10,2
522,Austrian Grand Prix,1979,11,1
523,Dutch Grand Prix,1979,12,2
524,Italian Grand Prix,1979,13,3
525,Canadian Grand Prix,1979,14,3
526,United States Grand Prix,1979,15,9
527,Argentine Grand Prix,1978,1,0
528,Brazilian Grand Prix,1978,2,7
529,South African Grand Prix,1978,3,3
530,United States Grand Prix West,1978,4,6
531,Monaco Grand Prix,1978,5,3
532,Belgian Grand Prix,1978,6,8
533,Spanish Grand Prix,1978,7,2
534,Swedish Grand Prix,1978,8,3
535,French Grand Prix,1978,9,0
536,British Grand Prix,1978,10,1
537,German Grand Prix,1978,11,4
538,Austrian Grand Prix,1978,12,12
539,Dutch Grand Prix,1978,13,4
540,Italian Grand Prix,1978,14,5
541,United States Grand Prix,1978,15,0
542,Canadian Grand Prix,1978,16,4
543,Argentine Grand Prix,1977,1,3
544,Brazilian Grand Prix,1977,2,8
545,South African Grand Prix,1977,3,3
546,United States Grand Prix West,1977,4,3
547,Spanish Grand Prix,1977,5,5
548,Monaco Grand Prix,1977,6,0
549,Belgian Grand Prix,1977,7,7
550,Swedish Grand Prix,1977,8,1
551,French Grand Prix,1977,9,5
552,British Grand Prix,1977,10,2
553,German Grand Prix,1977,11,3
554,Austrian Grand Prix,1977,12,4
555,Dutch Grand Prix,1977,13,5
556,Italian Grand Prix,1977,14,5
557,United States Grand Prix,1977,15,5
558,Canadian Grand Prix,1977,16,7
559,Japanese Grand Prix,1977,17,5
560,Brazilian Grand Prix,1976,1,4
561,South African Grand Prix,1976,2,2
562,United States Grand Prix West,1976,3,4
563,Spanish Grand Prix,1976,4,1
564,Belgian Grand Prix,1976,5,3
565,Monaco Grand Prix,1976,6,5
566,Swedish Grand Prix,1976,7,5
567,French Grand Prix,1976,8,0
568,British Grand Prix,1976,9,3
569,German Grand Prix,1976,10,6
570,Austrian Grand Prix,1976,11,6
571,Dutch Grand Prix,1976,12,4
572,Italian Grand Prix,1976,13,3
573,Canadian Grand Prix,1976,14,3
574,United States Grand Prix,1976,15,3
575,Japanese Grand Prix,1976,16,1
576,Argentine Grand Prix,1975,1,1
577,Brazilian Grand Prix,1975,2,1
578,South African Grand Prix,1975,3,1
579,Spanish Grand Prix,1975,4,8
580,Monaco Grand Prix,1975,5,7
581,Belgian Grand Prix,1975,6,3
582,Swedish Grand Prix,1975,7,2
583,Dutch Grand Prix,1975,8,1
584,French Grand Prix,1975,9,0
585,British Grand Prix,1975,10,16
586,German Grand Prix,1975,11,4
587,Austrian Grand Prix,1975,12,4
588,Italian Grand Prix,1975,13,6
589,United States Grand Prix,1975,14,4
590,Argentine Grand Prix,1974,1,2
591,Brazilian Grand Prix,1974,2,0
592,South African Grand Prix,1974,3,1
593,Spanish Grand Prix,1974,4,3
594,Belgian Grand Prix,1974,5,3
595,Monaco Grand Prix,1974,6,11
596,Swedish Grand Prix,1974,7,0
597,Dutch Grand Prix,1974,8,3
598,French Grand Prix,1974,9,2
599,British Grand Prix,1974,10,2
600,German Grand Prix,1974,11,4
601,Austrian Grand Prix,1974,12,4
602,Italian Grand Prix,1974,13,1
603,Canadian Grand Prix,1974,14,1
604,United States Grand Prix,1974,15,1
605,Argentine Grand Prix,1973,1,0
606,Brazilian Grand Prix,1973,2,0
607,South African Grand Prix,1973,3,5
608,Spanish Grand Prix,1973,4,0
609,Belgian Grand Prix,1973,5,8
610,Monaco Grand Prix,1973,6,1
611,Swedish Grand Prix,1973,7,1
612,French Grand Prix,1973,8,2
613,British Grand Prix,1973,9,10
614,Dutch Grand Prix,1973,10,3
615,German Grand Prix,1973,11,2
616,Austrian Grand Prix,1973,12,1
617,Italian Grand Prix,1973,13,2
618,Canadian Grand Prix,1973,14,2
619,United States Grand Prix,1973,15,2
620,Argentine Grand Prix,1972,1,1
621,South African Grand Prix,1972,2,1
622,Spanish Grand Prix,1972,3,4
623,Monaco Grand Prix,1972,4,6
624,Belgian Grand Prix,1972,5,2
625,French Grand Prix,1972,6,1
626,British Grand Prix,1972,7,6
627,German Grand Prix,1972,8,2
628,Austrian Grand Prix,1972,9,0
629,Italian Grand Prix,1972,10,3
630,Canadian Grand Prix,1972,11,2
631,United States Grand Prix,1972,12,2
632,South African Grand Prix,1971,1,1
633,Spanish Grand Prix,1971,2,0
634,Monaco Grand Prix,1971,3,4
635,Dutch Grand Prix,1971,4,3
636,French Grand Prix,1971,5,1
637,British Grand Prix,1971,6,2
638,German Grand Prix,1971,7,3
639,Austrian Grand Prix,1971,8,0
640,Italian Grand Prix,1971,9,1
641,Canadian Grand Prix,1971,10,4
642,United States Grand Prix,1971,11,2
643,South African Grand Prix,1970,1,1
644,Spanish Grand Prix,1970,2,2
645,Monaco Grand Prix,1970,3,0
646,Belgian Grand Prix,1970,4,0
647,Dutch Grand Prix,1970,5,2
648,French Grand Prix,1970,6,1
649,British Grand Prix,1970,7,2
650,German Grand Prix,1970,8,0
651,Austrian Grand Prix,1970,9,1
652,Italian Grand Prix,1970,10,2
653,Canadian Grand Prix,1970,11,0
654,United States Grand Prix,1970,12,0
655,Mexican Grand Prix,1970,13,0
656,South African Grand Prix,1969,1,0
657,Spanish Grand Prix,1969,2,2
658,Monaco Grand Prix,1969,3,2
659,Dutch Grand Prix,1969,4,0
660,French Grand Prix,1969,5,0
661,British Grand Prix,1969,6,0
662,German Grand Prix,1969,7,3
663,Italian Grand Prix,1969,8,0
664,Canadian Grand Prix,1969,9,2
665,United States Grand Prix,1969,10,1
666,Mexican Grand Prix,1969,11,1
667,South African Grand Prix,1968,1,1
668,Spanish Grand Prix,1968,2,1
669,Monaco Grand Prix,1968,3,5
670,Belgian Grand Prix,1968,4,1
671,Dutch Grand Prix,1968,5,5
672,French Grand Prix,1968,6,2
673,British Grand Prix,1968,7,0
674,German Grand Prix,1968,8,3
675,Italian Grand Prix,1968,9,3
676,Canadian Grand Prix,1968,10,2
677,United States Grand Prix,1968,11,1
678,Mexican Grand Prix,1968,12,0
679,South African Grand Prix,1967,1,2
680,Monaco Grand Prix,1967,2,2
681,Dutch Grand Prix,1967,3,1
682,Belgian Grand Prix,1967,4,1
683,French Grand Prix,1967,5,0
684,British Grand Prix,1967,6,0
685,German Grand Prix,1967,7,0
686,Canadian Grand Prix,1967,8,1
687,Italian Grand Prix,1967,9,1
688,United States Grand Prix,1967,10,0
689,Mexican Grand Prix,1967,11,0
690,Monaco Grand Prix,1966,1,0
691,Belgian Grand Prix,1966,2,7
692,French Grand Prix,1966,3,0
693,British Grand Prix,1966,4,0
694,Dutch Grand Prix,1966,5,2
695,German Grand Prix,1966,6,4
696,Italian Grand Prix,1966,7,1
697,United States Grand Prix,1966,8,0
698,Mexican Grand Prix,1966,9,0
699,South African Grand Prix,1965,1,0
700,Monaco Grand Prix,1965,2,1
701,Belgian Grand Prix,1965,3,1
702,French Grand Prix,1965,4,2
703,British Grand Prix,1965,5,0
704,Dutch Grand Prix,1965,6,0
705,German Grand Prix,1965,7,0
706,Italian Grand Prix,1965,8,0
707,United States Grand Prix,1965,9,1
708,Mexican Grand Prix,1965,10,0
709,Monaco Grand Prix,1964,1,0
710,Dutch Grand Prix,1964,2,1
711,Belgian Grand Prix,1964,3,1
712,French Grand Prix,1964,4,2
713,British Grand Prix,1964,5,3
714,German Grand Prix,1964,6,2
715,Austrian Grand Prix,1964,7,2
716,Italian Grand Prix,1964,8,0
717,United States Grand Prix,1964,9,0
718,Mexican Grand Prix,1964,10,0
719,Monaco Grand Prix,1963,1,1
720,Belgian Grand Prix,1963,2,5
721,Dutch Grand Prix,1963,3,1
722,French Grand Prix,1963,4,0
723,British Grand Prix,1963,5,0
724,German Grand Prix,1963,6,6
725,Italian Grand Prix,1963,7,0
726,United States Grand Prix,1963,8,0
727,Mexican Grand Prix,1963,9,0
728,South African Grand Prix,1963,10,2
729,Dutch Grand Prix,1962,1,6
730,Monaco Grand Prix,1962,2,4
731,Belgian Grand Prix,1962,3,2
732,French Grand Prix,1962,4,1
733,British Grand Prix,1962,5,0
734,German Grand Prix,1962,6,2
735,Italian Grand Prix,1962,7,0
736,United States Grand Prix,1962,8,1
737,South African Grand Prix,1962,9,0
738,Monaco Grand Prix,1961,1,1
739,Dutch Grand Prix,1961,2,0
740,Belgian Grand Prix,1961,3,0
741,French Grand Prix,1961,4,1
742,British Grand Prix,1961,5,2
743,German Grand Prix,1961,6,3
744,Italian Grand Prix,1961,7,4
745,United States Grand Prix,1961,8,1
746,Argentine Grand Prix,1960,1,0
747,Monaco Grand Prix,1960,2,1
748,Indianapolis 500,1960,3,2
749,Dutch Grand Prix,1960,4,1
750,Belgian Grand Prix,1960,5,5
751,French Grand Prix,1960,6,2
752,British Grand Prix,1960,7,1
753,Portuguese Grand Prix,1960,8,2
754,Italian Grand Prix,1960,9,1
755,United States Grand Prix,1960,10,2
756,Monaco Grand Prix,1959,1,5
757,Indianapolis 500,1959,2,8
758,Dutch Grand Prix,1959,3,0
759,French Grand Prix,1959,4,0
760,British Grand Prix,1959,5,2
761,German Grand Prix,1959,6,1
762,Portuguese Grand Prix,1959,7,2
763,Italian Grand Prix,1959,8,0
764,United States Grand Prix,1959,9,1
765,Argentine Grand Prix,1958,1,0
766,Monaco Grand Prix,1958,2,1
767,Dutch Grand Prix,1958,3,0
768,Indianapolis 500,1958,4,11
769,Belgian Grand Prix,1958,5,1
770,French Grand Prix,1958,6,2
771,British Grand Prix,1958,7,0
772,German Grand Prix,1958,8,3
773,Portuguese Grand Prix,1958,9,2
774,Italian Grand Prix,1958,10,3
775,Moroccan Grand Prix,1958,11,5
776,Argentine Grand Prix,1957,1,0
777,Monaco Grand Prix,1957,2,5
778,Indianapolis 500,1957,3,7
779,French Grand Prix,1957,4,2
780,British Grand Prix,1957,5,1
781,German Grand Prix,1957,6,0
782,Pescara Grand Prix,1957,7,2
783,Italian Grand Prix,1957,8,0
784,Argentine Grand Prix,1956,1,2
785,Monaco Grand Prix,1956,2,3
786,Indianapolis 500,1956,3,7
787,Belgian Grand Prix,1956,4,1
788,French Grand Prix,1956,5,1
789,British Grand Prix,1956,6,1
790,German Grand Prix,1956,7,2
791,Italian Grand Prix,1956,8,0
792,Argentine Grand Prix,1955,1,7
793,Monaco Grand Prix,1955,2,3
794,Indianapolis 500,1955,3,6
795,Belgian Grand Prix,1955,4,1
796,Dutch Grand Prix,1955,5,2
797,British Grand Prix,1955,6,0
798,Italian Grand Prix,1955,7,0
799,Argentine Grand Prix,1954,1,1
800,Indianapolis 500,1954,2,8
801,Belgian Grand Prix,1954,3,0
802,French Grand Prix,1954,4,0
803,British Grand Prix,1954,5,4
804,German Grand Prix,1954,6,2
805,Swiss Grand Prix,1954,7,1
806,Italian Grand Prix,1954,8,1
807,Spanish Grand Prix,1954,9,1
808,Argentine Grand Prix,1953,1,1
809,Indianapolis 500,1953,2,8
810,Dutch Grand Prix,1953,3,0
811,Belgian Grand Prix,1953,4,2
812,French Grand Prix,1953,5,0
813,British Grand Prix,1953,6,2
814,German Grand Prix,1953,7,0
815,Swiss Grand Prix,1953,8,2
816,Italian Grand Prix,1953,9,2
817,Swiss Grand Prix,1952,1,1
818,Indianapolis 500,1952,2,0
819,Belgian Grand Prix,1952,3,3
820,French Grand Prix,1952,4,0
821,British Grand Prix,1952,5,0
822,German Grand Prix,1952,6,2
823,Dutch Grand Prix,1952,7,0
824,Italian Grand Prix,1952,8,0
825,Swiss Grand Prix,1951,1,3
826,Indianapolis 500,1951,2,2
827,Belgian Grand Prix,1951,3,0
828,French Grand Prix,1951,4,1
829,British Grand Prix,1951,5,0
830,German Grand Prix,1951,6,2
831,Italian Grand Prix,1951,7,0
832,Spanish Grand Prix,1951,8,2
833,British Grand Prix,1950,1,0
834,Monaco Grand Prix,1950,2,11
835,Indianapolis 500,1950,3,2
836,Swiss Grand Prix,1950,4,2
837,Belgian Grand Prix,1950,5,0
838,French Grand Prix,1950,6,0
839,Italian Grand Prix,1950,7,0
841,Australian Grand Prix,2011,1,2
842,Malaysian Grand Prix,2011,2,3
843,Chinese Grand Prix,2011,3,0
844,Turkish Grand Prix,2011,4,0
845,Spanish Grand Prix,2011,5,1
846,Monaco Grand Prix,2011,6,5
847,Canadian Grand Prix,2011,7,5
848,European Grand Prix,2011,8,0
849,British Grand Prix,2011,9,1
850,German Grand Prix,2011,10,1
851,Hungarian Grand Prix,2011,11,0
852,Belgian Grand Prix,2011,12,2
853,Italian Grand Prix,2011,13,4
854,Singapore Grand Prix,2011,14,3
855,Japanese Grand Prix,2011,15,0
856,Korean Grand Prix,2011,16,2
857,Indian Grand Prix,2011,17,2
858,Abu Dhabi Grand Prix,2011,18,0
859,Brazilian Grand Prix,2011,19,0
860,Australian Grand Prix,2012,1,5
861,Malaysian Grand Prix,2012,2,1
862,Chinese Grand Prix,2012,3,0
863,Bahrain Grand Prix,2012,4,0
864,Spanish Grand Prix,2012,5,2
865,Monaco Grand Prix,2012,6,5
866,Canadian Grand Prix,2012,7,0
867,European Grand Prix,2012,8,3
868,British Grand Prix,2012,9,2
869,German Grand Prix,2012,10,0
870,Hungarian Grand Prix,2012,11,0
871,Belgian Grand Prix,2012,12,6
872,Italian Grand Prix,2012,13,0
873,Singapore Grand Prix,2012,14,3
874,Japanese Grand Prix,2012,15,3
875,Korean Grand Prix,2012,16,3
876,Indian Grand Prix,2012,17,2
877,Abu Dhabi Grand Prix,2012,18,5
878,United States Grand Prix,2012,19,0
879,Brazilian Grand Prix,2012,20,6
880,Australian Grand Prix,2013,1,1
881,Malaysian Grand Prix,2013,2,1
882,Chinese Grand Prix,2013,3,2
883,Bahrain Grand Prix,2013,4,0
884,Spanish Grand Prix,2013,5,1
885,Monaco Grand Prix,2013,6,4
886,Canadian Grand Prix,2013,7,3
887,British Grand Prix,2013,8,0
888,German Grand Prix,2013,9,1
890,Hungarian Grand Prix,2013,10,0
891,Belgian Grand Prix,2013,11,1
892,Italian Grand Prix,2013,12,1
893,Singapore Grand Prix,2013,13,2
894,Korean Grand Prix,2013,14,3
895,Japanese Grand Prix,2013,15,2
896,Indian Grand Prix,2013,16,1
897,Abu Dhabi Grand Prix,2013,17,1
898,United States Grand Prix,2013,18,1
899,Brazilian Grand Prix,2013,19,1
900,Australian Grand Prix,2014,1,2
901,Malaysian Grand Prix,2014,2,0
902,Bahrain Grand Prix,2014,3,2
903,Chinese Grand Prix,2014,4,0
904,Spanish Grand Prix,2014,5,0
905,Monaco Grand Prix,2014,6,3
906,Canadian Grand Prix,2014,7,4
907,Austrian Grand Prix,2014,8,0
908,British Grand Prix,2014,9,3
909,German Grand Prix,2014,10,1
910,Hungarian Grand Prix,2014,11,4
911,Belgian Grand Prix,2014,12,0
912,Italian Grand Prix,2014,13,1
913,Singapore Grand Prix,2014,14,0
914,Japanese Grand Prix,2014,15,2
915,Russian Grand Prix,2014,16,0
916,United States Grand Prix,2014,17,2
917,Brazilian Grand Prix,2014,18,0
918,Abu Dhabi Grand Prix,2014,19,0
926,Australian Grand Prix,2015,1,1
927,Malaysian Grand Prix,2015,2,1
928,Chinese Grand Prix,2015,3,0
929,Bahrain Grand Prix,2015,4,0
930,Spanish Grand Prix,2015,5,1
931,Monaco Grand Prix,2015,6,1
932,Canadian Grand Prix,2015,7,0
933,Austrian Grand Prix,2015,8,2
934,British Grand Prix,2015,9,4
936,Hungarian Grand Prix,2015,10,0
937,Belgian Grand Prix,2015,11,0
938,Italian Grand Prix,2015,12,2
939,Singapore Grand Prix,2015,13,1
940,Japanese Grand Prix,2015,14,0
941,Russian Grand Prix,2015,15,4
942,United States Grand Prix,2015,16,2
943,Mexican Grand Prix,2015,17,2
944,Brazilian Grand Prix,2015,18,0
945,Abu Dhabi Grand Prix,2015,19,1
948,Australian Grand Prix,2016,1,2
949,Bahrain Grand Prix,2016,2,0
950,Chinese Grand Prix,2016,3,0
951,Russian Grand Prix,2016,4,3
952,Spanish Grand Prix,2016,5,2
953,Monaco Grand Prix,2016,6,5
954,Canadian Grand Prix,2016,7,0
955,European Grand Prix,2016,8,0
956,Austrian Grand Prix,2016,9,0
957,British Grand Prix,2016,10,2
958,Hungarian Grand Prix,2016,11,0
959,German Grand Prix,2016,12,0
960,Belgian Grand Prix,2016,13,3
961,Italian Grand Prix,2016,14,2
962,Singapore Grand Prix,2016,15,1
963,Malaysian Grand Prix,2016,16,1
964,Japanese Grand Prix,2016,17,0
965,United States Grand Prix,2016,18,1
966,Mexican Grand Prix,2016,19,1
967,Brazilian Grand Prix,2016,20,4
968,Abu Dhabi Grand Prix,2016,21,1
969,Australian Grand Prix,2017,1,0
970,Chinese Grand Prix,2017,2,2
971,Bahrain Grand Prix,2017,3,2
972,Russian Grand Prix,2017,4,2
973,Spanish Grand Prix,2017,5,3
974,Monaco Grand Prix,2017,6,5
975,Canadian Grand Prix,2017,7,2
976,Azerbaijan Grand Prix,2017,8,1
977,Austrian Grand Prix,2017,9,2
978,British Grand Prix,2017,10,1
979,Hungarian Grand Prix,2017,11,1
980,Belgian Grand Prix,2017,12,1
981,Italian Grand Prix,2017,13,0
982,Singapore Grand Prix,2017,14,6
983,Malaysian Grand Prix,2017,15,0
984,Japanese Grand Prix,2017,16,2
985,United States Grand Prix,2017,17,1
986,Mexican Grand Prix,2017,18,0
987,Brazilian Grand Prix,2017,19,3
988,Abu Dhabi Grand Prix,2017,20,0
989,Australian Grand Prix,2018,1,0
990,Bahrain Grand Prix,2018,2,0
991,Chinese Grand Prix,2018,3,1
992,Azerbaijan Grand Prix,2018,4,6
993,Spanish Grand Prix,2018,5,3
994,Monaco Grand Prix,2018,6,2
995,Canadian Grand Prix,2018,7,2
996,French Grand Prix,2018,8,2
997,Austrian Grand Prix,2018,9,1
998,British Grand Prix,2018,10,3
999,German Grand Prix,2018,11,1
1000,Hungarian Grand Prix,2018,12,0
1001,Belgian Grand Prix,2018,13,3
1002,Italian Grand Prix,2018,14,0
1003,Singapore Grand Prix,2018,15,1
1004,Russian Grand Prix,2018,16,0
1005,Japanese Grand Prix,2018,17,1
1006,United States Grand Prix,2018,18,3
1007,Mexican Grand Prix,2018,19,0
1008,Brazilian Grand Prix,2018,20,1
1009,Abu Dhabi Grand Prix,2018,21,1
1010,Australian Grand Prix,2019,1,0
1011,Bahrain Grand Prix,2019,2,1
1012,Chinese Grand Prix,2019,3,2
1013,Azerbaijan Grand Prix,2019,4,2
1014,Spanish Grand Prix,2019,5,2
1015,Monaco Grand Prix,2019,6,1
1016,Canadian Grand Prix,2019,7,1
1017,French Grand Prix,2019,8,0
1018,Austrian Grand Prix,2019,9,0
1019,British Grand Prix,2019,10,3
1020,German Grand Prix,2019,11,5
1021,Hungarian Grand Prix,2019,12,0
1022,Belgian Grand Prix,2019,13,2
1023,Italian Grand Prix,2019,14,0
1024,Singapore Grand Prix,2019,15,2
1025,Russian Grand Prix,2019,16,2
1026,Japanese Grand Prix,2019,17,0
1027,Mexican Grand Prix,2019,18,0
1028,United States Grand Prix,2019,19,0
1029,Brazilian Grand Prix,2019,20,2
1030,Abu Dhabi Grand Prix,2019,21,0
1031,Austrian Grand Prix,2020,1,0
1032,Styrian Grand Prix,2020,2,2
1033,Hungarian Grand Prix,2020,3,0
1034,British Grand Prix,2020,4,2
1035,70th Anniversary Grand Prix,2020,5,0
1036,Spanish Grand Prix,2020,6,0
1037,Belgian Grand Prix,2020,7,1
1038,Italian Grand Prix,2020,8,1
1039,Tuscan Grand Prix,2020,9,6
1040,Russian Grand Prix,2020,10,2
1041,Eifel Grand Prix,2020,11,1
1042,Portuguese Grand Prix,2020,12,1
1043,Emilia Romagna Grand Prix,2020,13,1
1044,Turkish Grand Prix,2020,14,2
1045,Bahrain Grand Prix,2020,15,2
1046,Sakhir Grand Prix,2020,16,2
1047,Abu Dhabi Grand Prix,2020,17,0
1051,Qatar Grand Prix,2021,20,0
1052,Bahrain Grand Prix,2021,1,1
1053,Emilia Romagna Grand Prix,2021,2,3
1054,Portuguese Grand Prix,2021,3,1
1055,Spanish Grand Prix,2021,4,0
1056,Monaco Grand Prix,2021,5,0
1057,Azerbaijan Grand Prix,2021,6,2
1058,Styrian Grand Prix,2021,8,1
1059,French Grand Prix,2021,7,0
1060,Austrian Grand Prix,2021,9,2
1061,British Grand Prix,2021,10,1
1062,Hungarian Grand Prix,2021,11,6
1063,Belgian Grand Prix,2021,12,0
1064,Dutch Grand Prix,2021,13,0
1065,Italian Grand Prix,2021,14,2
1066,Russian Grand Prix,2021,15,1
1067,Turkish Grand Prix,2021,16,0
1069,United States Grand Prix,2021,17,0
1070,Mexico City Grand Prix,2021,18,2
1071,São Paulo Grand Prix,2021,19,1
1072,Saudi Arabian Grand Prix,2021,21,5
1073,Abu Dhabi Grand Prix,2021,22,1
1074,Bahrain Grand Prix,2022,1,0
1075,Saudi Arabian Grand Prix,2022,2,2
1076,Australian Grand Prix,2022,3,2
1077,Emilia Romagna Grand Prix,2022,4,2
1078,Miami Grand Prix,2022,5,2
1079,Spanish Grand Prix,2022,6,0
1080,Monaco Grand Prix,2022,7,1
1081,Azerbaijan Grand Prix,2022,8,0
1082,Canadian Grand Prix,2022,9,1
1083,British Grand Prix,2022,10,4
1084,Austrian Grand Prix,2022,11,1
1085,French Grand Prix,2022,12,3
1086,Hungarian Grand Prix,2022,13,0
